PVK_Source,Band,Wavelength_Min_nm,Wavelength_Max_nm,Point_Count_Strict,Model,MAE,RMSE,Mean_Bias,Max_Abs_Error,Pearson_Correlation
current_pvk,400_750_primary,400.0,750.0,648,fixed,0.1992503639137436,0.2096626106618902,0.1992503639137436,0.4781544968833615,-0.7583807148208227
current_pvk,400_750_primary,400.0,750.0,648,best_d,0.1909708521256685,0.1988294239974744,0.1909708521256685,0.4781559861786837,-0.083580751181353
pvk_x01,400_750_primary,400.0,750.0,648,fixed,0.19043962662556,0.1982992995342235,0.19043962662556,0.4771110645212421,-0.4148103418055021
pvk_x01,400_750_primary,400.0,750.0,648,best_d,0.1865250521061577,0.1931564887787619,0.1865250521061577,0.4771097308687289,0.1211149433984336
