family,n_cases,mean_front_rms,std_front_rms,mean_transition_rms,std_transition_rms,mean_rear_rms,std_rear_rms,mean_rear_best_shift_nm,std_rear_best_shift_nm,mean_rear_shift_explained_fraction,std_rear_shift_explained_fraction,family_fingerprint_comment
background_anchor,7,0.0,0.0,0.0,0.0,0.0,0.0,0.0,0.0,1.0,0.0,Reference roughness anchor for gap overlays and nuisance comparisons.
front_gap_on_background,56,0.005817630231056679,0.005682244917635337,0.005496724593806229,0.0063059391163549005,0.0072840484421589765,0.007916383378740276,-2.0714285714285716,2.506114970406976,0.3461680098115387,0.2906045837814848,Front-gap keeps a front-to-transition dominant signature with secondary rear coupling.
front_roughness_nuisance,3,0.002833628983519902,0.0020037178190746075,0.00713371328817364,0.005064165757538322,0.010289074319348222,0.00727671767657015,0.0,2.449489742783178,0.46278346885496086,0.37995150582529275,Front roughness primarily reshapes front and transition-window envelope/background.
rear_gap_on_background,56,0.00011914792096122684,0.0001272342931213368,0.005925200969541486,0.0061075161092599695,0.010041306486471991,0.010761322581513282,-3.517857142857143,3.7984539685272494,0.6831539401648727,0.2745723560667973,Rear-gap keeps a transition-to-rear nonlinear reconstruction signature on roughness background.
rear_roughness_nuisance,3,2.3725443965795426e-05,1.753005896171987e-05,0.0008390435427717676,0.0006248773105503579,0.0006078998494451845,0.000453390867504185,0.0,0.0,0.3333333333333333,0.4714045207910317,Rear roughness acts more like rear-window envelope/amplitude perturbation than rigid shift.
thickness_nuisance,51,0.0006223817300384074,0.00036927817889890037,0.02542990255390081,0.015731403815477458,0.035370725213017866,0.02038661487721158,0.09803921568627451,14.874975566907972,0.8435722616446748,0.024487942191142836,Rear-window fringe shift remains the dominant signature of local PVK thickness variation.
